 DEA,QDEA1,QDEA2,
  0.45969771,  0.51034728,  0.54166025,
  0.61222940,  0.68855124,  0.71056407,
  0.46268694,  0.53164539,  0.55866170,
  0.46309997,  0.60931305,  0.64926946,
  0.39496256,  0.44414755,  0.45812928,
  0.47131298,  0.54155677,  0.56907670,
  0.42496644,  0.48335522,  0.50059119,
  0.38175148,  0.42984076,  0.44642511,
  0.39786468,  0.45249163,  0.46862467,
  0.35152246,  0.39544902,  0.40586415,
  0.48223627,  0.54633837,  0.56806309,
  0.33253293,  0.37524897,  0.38925058,
  0.42206196,  0.48254801,  0.50594439,
  0.57622341,  0.64407527,  0.67235231,
  0.39850489,  0.45965724,  0.48287187,
  0.54505634,  0.62573017,  0.64725569,
  0.41728405,  0.47212375,  0.48926725,
  0.38271853,  0.43079843,  0.44311208,
  0.35299630,  0.40851427,  0.42922227,
  0.45934086,  0.51797928,  0.53379243,
  0.29199283,  0.37074320,  0.39505512,
  0.46420932,  0.61813384,  0.65866869,
  0.42601851,  0.47988013,  0.49812324,
  0.50174459,  0.57451731,  0.59820182,
  0.42827171,  0.48213765,  0.49592988,
  0.43576130,  0.50983186,  0.54272321,
  0.48880524,  0.55065728,  0.56736423,
  0.37039378,  0.47171760,  0.50265103,
  0.38997604,  0.43962325,  0.45626133,
  0.34797689,  0.39998739,  0.42033363,
  0.49382697,  0.56177364,  0.58785595,
  0.51580418,  0.57263557,  0.60777031,
  0.39181271,  0.44749451,  0.46906736,
  0.50111834,  0.59014750,  0.62856956,
  0.42864011,  0.48202051,  0.49538408,
  0.35112999,  0.43207044,  0.46040397,
  0.54456654,  0.63591462,  0.67673183,
  0.31687249,  0.35170400,  0.37238118,
  0.48979184,  0.55402761,  0.57668583,
  0.45414047,  0.51073387,  0.52704971,
  0.39864551,  0.44852862,  0.46482118,
  0.40011505,  0.45824810,  0.47714893,
  0.39134655,  0.44309389,  0.45919249,
  0.46845085,  0.56497209,  0.60618449,
  0.47508973,  0.55246169,  0.58374992,
  0.42948198,  0.48596936,  0.50480388,
  0.53583393,  0.60263902,  0.61919012,
  0.35664280,  0.40522713,  0.41964465,
  0.63436245,  0.70425661,  0.74746712,
  0.39163837,  0.45074613,  0.46627385,
  0.43522576,  0.49066610,  0.50563004,
  0.50197359,  0.56451259,  0.58241027,
  0.36764190,  0.44429561,  0.47685418,
  0.40368954,  0.46006378,  0.48207486,
  0.51866986,  0.57581699,  0.61114693,
  0.51653393,  0.58458874,  0.60727676,
  0.51291845,  0.68299415,  0.72778229,
  0.61829326,  0.69866270,  0.72438880,
  0.45938916,  0.51681742,  0.53555055,
  0.48029191,  0.59691948,  0.63606317,
  0.47182972,  0.53892057,  0.55740553,
  0.41673359,  0.51609487,  0.54993839,
  0.31813210,  0.35830874,  0.36915375,
  0.40444107,  0.45727976,  0.47490517,
  0.57829081,  0.64157053,  0.67948868,
  0.44368482,  0.50324149,  0.52325952,
  0.49548483,  0.58537388,  0.62080336,
  0.39083273,  0.44075968,  0.45421983,
  0.41634409,  0.47092652,  0.48802266,
  0.45568131,  0.51245969,  0.52881589,
  0.53462856,  0.65339459,  0.69617335,
  0.50168647,  0.57606737,  0.60482900,
  0.52795867,  0.59711971,  0.61879548,
  0.61718800,  0.82183784,  0.87573082,
  0.47938772,  0.54877792,  0.56761042,
  0.47495368,  0.53312047,  0.55500539,
  0.41474202,  0.46680803,  0.48478843,
  0.37677342,  0.45742733,  0.48723483,
  0.41264939,  0.47619300,  0.50025634,
  0.45134670,  0.50055261,  0.53026306,
  0.45751599,  0.54387512,  0.57980297,
  0.48115849,  0.54155024,  0.56240750,
  0.41160593,  0.46471751,  0.48182580,
  0.39330520,  0.44870825,  0.46518896,
  0.52195826,  0.57946771,  0.61502165,
  0.50403608,  0.67116653,  0.71517906,
  0.43464352,  0.50219667,  0.52761243,
  0.41468875,  0.46634131,  0.48113534,
  0.37154965,  0.44262356,  0.47208204,
  0.50839448,  0.57300211,  0.59045738,
  0.57745337,  0.66353212,  0.68635190,
  0.52868488,  0.59796643,  0.62107427,
  0.46299274,  0.52094488,  0.53988023,
  0.43514493,  0.49009058,  0.50492146,
  0.54490918,  0.60778387,  0.63466181,
  0.68265326,  0.77144786,  0.79950208,
  0.45251212,  0.57044334,  0.60785082,
  0.51009489,  0.58385677,  0.60782984,
  0.43476586,  0.48208604,  0.51075453,
  0.38495379,  0.43470064,  0.44901843,
  0.42515395,  0.48131102,  0.50002851,
  0.77278118,  0.85792634,  0.91056544,
  0.42136093,  0.47419574,  0.49119969,
  0.38932909,  0.43999157,  0.45600095,
  0.55698962,  0.61771381,  0.65561438,
  0.50633886,  0.56995478,  0.58624752,
  0.36071567,  0.40586725,  0.42062070,
  0.49677676,  0.55039610,  0.58416631,
  0.49311643,  0.56898972,  0.59773855,
  0.41035297,  0.46246799,  0.47655179,
  0.47826472,  0.54183706,  0.56190731,
  0.53857048,  0.61568852,  0.64087253,
  0.62266603,  0.70365832,  0.72924749,
  0.39124480,  0.44040179,  0.45299147,
  0.47165183,  0.54010665,  0.56642669,
  0.56250383,  0.62358735,  0.66184830,
  0.39710528,  0.44669347,  0.46100575,
  0.62476681,  0.70739611,  0.73309790,
  0.46651402,  0.52994154,  0.55189961,
  0.35799734,  0.40262353,  0.41536999,
  0.49728429,  0.55921200,  0.57476363,
  0.43791251,  0.48535293,  0.51513234,
  0.59239592,  0.68156444,  0.70504709,
  0.51292659,  0.57680126,  0.59504693,
  0.48947060,  0.55241641,  0.57275138,
  0.47546814,  0.53482014,  0.54895583,
  0.44663282,  0.56879268,  0.60609193,
  0.45233228,  0.51715614,  0.54223046,
  0.46381195,  0.52406059,  0.54136355,
  0.45036134,  0.50644614,  0.52051162,
  0.42951695,  0.48878932,  0.50623510,
  0.61499986,  0.68276065,  0.72465225,
  0.53599354,  0.60533182,  0.62761831,
  0.49506171,  0.56629853,  0.58950633,
  0.53801686,  0.61492633,  0.64006286,
  0.38717376,  0.43547219,  0.44700734,
  0.40945716,  0.46302599,  0.48089569,
  0.41180375,  0.46602682,  0.48494675,
  0.48389526,  0.54716718,  0.56702625,
  0.56326990,  0.64715315,  0.67951686,
  0.35502123,  0.42413538,  0.45264034,
  0.53204822,  0.59830521,  0.61494175,
  0.43319019,  0.48897639,  0.50505418,
  0.53408334,  0.64008363,  0.68347519,
  0.45492793,  0.50771479,  0.53012305,
  0.52681475,  0.59388067,  0.61198705,
  0.56830217,  0.64040232,  0.65989458,
  0.39201488,  0.44319045,  0.46026053,
  0.46971750,  0.52229105,  0.54602432,
  0.48449425,  0.53787591,  0.57087794,
  0.51282617,  0.56848104,  0.60336088,
  0.41452999,  0.46631894,  0.47860939,
  0.42156915,  0.48344927,  0.50710937,
  0.52156424,  0.57766703,  0.61311049,
  0.43059850,  0.48444067,  0.50200958,
  0.53689560,  0.61497171,  0.64034338,
  0.54415138,  0.61582259,  0.63818861,
  0.37795381,  0.43230684,  0.45001934,
  0.45440920,  0.52238901,  0.54896987,
  0.46716689,  0.52750322,  0.54487298,
  0.45796474,  0.51548978,  0.53022218,
  0.45015935,  0.49975799,  0.53042124,
  0.47623830,  0.54146990,  0.56076567,
  0.50701269,  0.58010408,  0.60389468,
  0.40927740,  0.46140658,  0.47886368,
  0.57393479,  0.75245398,  0.80179703,
  0.51351006,  0.58213463,  0.60524097,
  0.49749655,  0.55564664,  0.58010647,
  0.50157199,  0.56411023,  0.57959515,
  0.47771065,  0.54669940,  0.56545934,
  0.44771804,  0.50392513,  0.52333542,
  0.47417735,  0.56767905,  0.60606474,
  0.42868401,  0.48394791,  0.49986971,
  0.51629292,  0.66176203,  0.70515785,
  0.61133170,  0.68776844,  0.71270819,
  0.52562234,  0.58353550,  0.61933902,
  0.47011109,  0.52935066,  0.54532955,
  0.48217467,  0.54597789,  0.56724063,
  0.46499560,  0.54985473,  0.58320003,
  0.52558633,  0.59764598,  0.62444981,
  0.41909980,  0.49028110,  0.52190136,
  0.61959513,  0.68999919,  0.72116234,
  0.48729790,  0.54817899,  0.56575424,
  0.55945649,  0.63914988,  0.66107379,
  0.54907718,  0.62445503,  0.65250615,
  0.43337602,  0.49215075,  0.50963514,
  0.53878363,  0.60676415,  0.63019322,
  0.48393758,  0.54746650,  0.56865237,
  0.49027930,  0.55241980,  0.56921394,
  0.47100311,  0.53935124,  0.56158925,
  0.45562863,  0.51315305,  0.52867929,
  0.45794748,  0.50840421,  0.53959796,
  0.50747524,  0.57083843,  0.58591359,
  0.57571120,  0.64726435,  0.67384791,
  0.44663223,  0.50225155,  0.51808599,
  0.39807389,  0.44985111,  0.46620969,
  0.59699640,  0.66277356,  0.70343883,
  0.42049575,  0.48921236,  0.51702441,
  0.40321415,  0.45356431,  0.46553845,
  0.56780203,  0.64087815,  0.66194236,
  0.32837915,  0.36437282,  0.38672936,
  0.46894019,  0.53275485,  0.55170302,
  0.49462940,  0.54763098,  0.58536730,
  0.45776904,  0.51722880,  0.53627376,
  0.53179879,  0.58963811,  0.62581607,
  0.48783272,  0.54949334,  0.56614237,
  0.44135040,  0.49898444,  0.51709257,
  0.61093458,  0.68707040,  0.70883763,
  0.47150551,  0.53444722,  0.55428741,
  0.48316589,  0.56943632,  0.60654700,
  0.50918982,  0.58385564,  0.61241862,
  0.51322211,  0.58543340,  0.60693066,
  0.46676019,  0.54213927,  0.57254571,
  0.42861307,  0.52639438,  0.56091331,
  0.36724578,  0.46382889,  0.49424501,
  0.40314641,  0.49353444,  0.52586676,
  0.42915345,  0.51681851,  0.55217001,
  0.47216291,  0.53508665,  0.55641668,
  0.55303772,  0.63030280,  0.65337731,
  0.48228113,  0.56176365,  0.59391277,
  0.45243721,  0.51335955,  0.53380865,
  0.53071477,  0.60106139,  0.62489668,
  0.38136623,  0.50782129,  0.54112226,
  0.57097500,  0.65100236,  0.68221065,
  0.47260166,  0.53548209,  0.55679448,
  0.43866792,  0.49611534,  0.51412411,
  0.39812361,  0.44350820,  0.46351239,
  0.43289164,  0.49520274,  0.51925598,
  0.47364388,  0.53620074,  0.55705146,
  0.44127481,  0.50151375,  0.52171093,
  0.44433068,  0.49976612,  0.51299887,
  0.46848646,  0.58152671,  0.61966101,
  0.53485308,  0.59378329,  0.63021557,
  0.53161333,  0.60111106,  0.62429405,
  0.54411866,  0.65444151,  0.69910368,
  0.30892472,  0.35379646,  0.37104245,
  0.59571277,  0.71718139,  0.76621066,
  0.39368646,  0.44287732,  0.45454519,
  0.53781405,  0.60502696,  0.62095614,
  0.55836731,  0.62877891,  0.64777588,
  0.44706245,  0.50288019,  0.51616250,
  0.57887065,  0.65198697,  0.67172451,
  0.62558373,  0.71636329,  0.74094859,
  0.51175770,  0.57887666,  0.60255097,
  0.69506858,  0.78430205,  0.81357268,
  0.45644229,  0.52017306,  0.54505780,
  0.55618177,  0.62921376,  0.65356819,
  0.52922438,  0.60411223,  0.62632206,
  0.61165583,  0.67904818,  0.72071199,
  0.44076312,  0.50130265,  0.51917739,
  0.62123993,  0.68860317,  0.73085324,
  0.55785014,  0.62760787,  0.64775302,
  0.49682658,  0.56764745,  0.59507664,
  0.39222070,  0.44464788,  0.46116577,
  0.55166566,  0.62037509,  0.64011540,
  0.47462782,  0.52845939,  0.55234483,
  0.45854668,  0.51565000,  0.53185293,
  0.76044271,  0.85514279,  0.87889438,
  0.48150853,  0.63904174,  0.68094765,
  0.46448103,  0.52745422,  0.54927685,
  0.50607437,  0.59024495,  0.62426716,
  0.50503860,  0.57370838,  0.59748072,
  0.41294985,  0.46578220,  0.48001679,
  0.45964698,  0.51755582,  0.53237207,
  0.50058112,  0.56855523,  0.59209774,
  0.46236567,  0.52356121,  0.54429325,
  0.52219076,  0.60097769,  0.62168108,
  0.61492249,  0.75112564,  0.80029301,
  0.56759023,  0.70122888,  0.74721279,
  0.43946142,  0.49516735,  0.51396009,
  0.62460422,  0.70257824,  0.72114347,
  0.55314602,  0.62703881,  0.65192240,
  0.65486862,  0.75073226,  0.78176487,
  0.55987466,  0.62966757,  0.64979705,
  0.31025514,  0.37080658,  0.39576256,
  0.55124064,  0.62250624,  0.64542464,
  0.43922978,  0.49517742,  0.51027860,
  0.50645104,  0.57160915,  0.59265088,
  0.53867120,  0.60964950,  0.63331194,
  0.50708637,  0.57109575,  0.58837126,
  0.47742024,  0.53712635,  0.55661268,
  0.33206028,  0.38034903,  0.39604096,
  0.55420548,  0.62330050,  0.64041997,
  0.60411999,  0.70557838,  0.75088770,
  0.47576566,  0.53689788,  0.55692913,
  0.49118300,  0.54866916,  0.57281067,
  0.49860321,  0.56348508,  0.58398778,
  0.47948712,  0.53920019,  0.55631340,
  0.58179975,  0.67178641,  0.70575799,
  0.53495925,  0.61253109,  0.63778098,
  0.59219870,  0.77598200,  0.82686793,
  0.47060368,  0.54217844,  0.56990234,
  0.55575300,  0.64437794,  0.67707178,
  0.51085633,  0.57646748,  0.59539011,
  0.46185065,  0.53032042,  0.55679730,
  0.42523839,  0.51065464,  0.54540421,
  0.40085001,  0.45372098,  0.47134536,
  0.40669889,  0.45974741,  0.47744162,
  0.54712578,  0.61763559,  0.64037268,
  0.55558431,  0.62542926,  0.64331676,
  0.51857701,  0.58452213,  0.60233393,
  0.48770708,  0.55395012,  0.57689098,
  0.53538745,  0.60207675,  0.62117470,
  0.51193673,  0.58902995,  0.61907125,
  0.51267524,  0.57849534,  0.60223977,
  0.57320816,  0.64460890,  0.66513754,
  0.53488294,  0.60167563,  0.61755931,
  0.48341064,  0.53667291,  0.56960112,
  0.50348985,  0.56660903,  0.58480435,
  0.35080228,  0.43621047,  0.46481548,
  0.50984862,  0.57618551,  0.59740233,
  0.47199521,  0.58557587,  0.62397569,
  0.44231545,  0.51770515,  0.55112840,
  0.51696065,  0.59431854,  0.61478915,
  0.52112393,  0.59052776,  0.61405312,
  0.48172562,  0.60297477,  0.64251555,
  0.58150193,  0.74887751,  0.79798603,
  0.54828276,  0.61687589,  0.63927332,
  0.40454096,  0.45517074,  0.46979376,
  0.65511043,  0.73573317,  0.76594031,
  0.52117933,  0.59369544,  0.62137078,
  0.49298462,  0.59220005,  0.63252250,
  0.64318948,  0.72333492,  0.74642866,
  0.52542272,  0.59753144,  0.62436307,
  0.48981092,  0.55427166,  0.57576360,
  0.49992207,  0.56588305,  0.58787029,
  0.62174363,  0.69956695,  0.72499528,
  0.52224377,  0.61299353,  0.65272778,
  0.54107082,  0.60906540,  0.63253696,
  0.51051943,  0.56676855,  0.60154331,
  0.54825819,  0.62422176,  0.65328850,
  0.51101838,  0.57736796,  0.59862708,
  0.55928375,  0.62924495,  0.65208559,
  0.54629839,  0.61461167,  0.63690426,
  0.41766229,  0.46972929,  0.48263859,
  0.52088350,  0.58574977,  0.60205082,
  0.54238404,  0.67724379,  0.72165485,
  0.55619562,  0.61912255,  0.64713400,
  0.36215006,  0.40855670,  0.42381424,
  0.46379576,  0.51489685,  0.54648897,
  0.50655278,  0.57690399,  0.59752258,
  0.49110063,  0.55305872,  0.57578154,
  0.49123900,  0.55276354,  0.57257813,
  0.68310912,  0.75837419,  0.80490516,
  0.49637137,  0.59732033,  0.63812258,
  0.51020951,  0.57401982,  0.59484716,
  0.58034982,  0.69755504,  0.74510173,
  0.51105799,  0.57598124,  0.59352433,
  0.62793894,  0.71054964,  0.73635325,
  0.49812356,  0.56034777,  0.57830964,
  0.46772769,  0.52605791,  0.54288423,
  0.52119623,  0.58610224,  0.60238251,
  0.53142747,  0.61558157,  0.64680192,
  0.49794357,  0.57033006,  0.59813975,
  0.50101665,  0.56388735,  0.58560262,
  0.68879283,  0.77707344,  0.80609124,
  0.65549420,  0.73800646,  0.75912573,
  0.53166849,  0.59789752,  0.61694406,
  0.53944021,  0.60214215,  0.62870163,
  0.55046154,  0.60945280,  0.65142659,
  0.54746428,  0.61575818,  0.63206902,
  0.55460988,  0.62376451,  0.64088125,
  0.54570868,  0.61749572,  0.63991992,
  0.55554588,  0.62711708,  0.64774207,
  0.51466787,  0.61150330,  0.65182513,
  0.49514334,  0.56164907,  0.58399669,
  0.49961699,  0.56399819,  0.58254999,
  0.57139174,  0.64300308,  0.66365312,
  0.55153855,  0.61230716,  0.64987600,
  0.60009460,  0.66445131,  0.70515158,
  0.58724959,  0.70338207,  0.75099738,
  0.55318254,  0.62757847,  0.65096592,
  0.61338775,  0.68977298,  0.71156330,
  0.58465378,  0.66242092,  0.68696642,
  0.62136400,  0.69874518,  0.71811570,
  0.55732201,  0.63031905,  0.65466723,
  0.61066222,  0.69122696,  0.71633547,
  0.54210989,  0.61309883,  0.63677766,
  0.52486864,  0.59909557,  0.62302466,
  0.58435391,  0.66246941,  0.68876860,
  0.55896137,  0.64179484,  0.67383251,
  0.55345408,  0.62263384,  0.64260872,
  0.63640201,  0.72961923,  0.75978450,
  0.59415531,  0.67319342,  0.69998178,
  0.59331771,  0.67211291,  0.69881514,
  0.41143492,  0.50241739,  0.53529810,
  0.48226728,  0.54232490,  0.55740678,
  0.53535008,  0.61452941,  0.64518294,
  0.50991555,  0.57785372,  0.60088307,
  0.51875940,  0.57886945,  0.60443070,
  0.53573765,  0.60310140,  0.62634978,
  0.68756402,  0.76293337,  0.80974407,
  0.52665380,  0.59596556,  0.61907482,
  0.49234388,  0.58690301,  0.62605086,
  0.47540615,  0.54658319,  0.56541354,
  0.53447773,  0.60250548,  0.62531146,
  0.54505226,  0.62582898,  0.64867067,
  0.58949118,  0.66800780,  0.69462229,
  0.46220870,  0.58143269,  0.61956082,
  0.48821461,  0.55291215,  0.57483293,
  0.49721835,  0.56414881,  0.58414178,
  0.47691530,  0.52859382,  0.56102633,
  0.47754423,  0.53712333,  0.55134531,
  0.69029878,  0.78698048,  0.82469255,
  0.56501836,  0.63574746,  0.65617067,
  0.51525387,  0.58070517,  0.59839149,
  0.67650203,  0.76081835,  0.78491509,
  0.49211017,  0.55599351,  0.57646550,
  0.53954730,  0.60846558,  0.62704641,
  0.52407597,  0.61806629,  0.65838198,
  0.72219887,  0.80177086,  0.85096448,
  0.60199257,  0.67998000,  0.70501581,
  0.60208159,  0.68497575,  0.70941189,
  0.49915072,  0.63871117,  0.68059540,
  0.49473931,  0.55635117,  0.57178150,
  0.58029102,  0.65834454,  0.68288046,
  0.43364257,  0.49019761,  0.50798475,
  0.47041495,  0.53162521,  0.55096721,
  0.57789733,  0.75963884,  0.80945304,
  0.65043711,  0.73430630,  0.76133881,
  0.52510989,  0.60380570,  0.62461430,
  0.41324716,  0.46507391,  0.48175163,
  0.53392884,  0.60316600,  0.62537424,
  0.66495058,  0.74775962,  0.76849537,
  0.57404342,  0.64680172,  0.67135089,
  0.53100869,  0.59823279,  0.61639367,
  0.55265601,  0.62147791,  0.64118671,
  0.51930941,  0.58548410,  0.60334275,
  0.67982260,  0.77067557,  0.80126603,
  0.55421722,  0.71960011,  0.76678872,
  0.51443953,  0.58783055,  0.61625045,
  0.59771944,  0.67153407,  0.69910854,
  0.48004214,  0.54166900,  0.56188456,
  0.39531208,  0.45617029,  0.47922087,
  0.42897285,  0.52325233,  0.55747066,
  0.65230305,  0.73575110,  0.75823522,
  0.46669229,  0.52612049,  0.54216307,
  0.49010891,  0.56421668,  0.58365131,
  0.45173800,  0.50016761,  0.53455628,
  0.61652440,  0.69790768,  0.72503468,
  0.59675880,  0.75149548,  0.80077567,
  0.63700118,  0.72352771,  0.74924545,
  0.53580881,  0.64982963,  0.69213609,
  0.58797008,  0.66119248,  0.67952530,
  0.65210878,  0.72210118,  0.76637683,
  0.53569726,  0.59884426,  0.62512537,
  0.48401885,  0.55057636,  0.57271238,
  0.55128524,  0.61202594,  0.64957752,
  0.52688565,  0.60041033,  0.62912471,
  0.47835242,  0.53105737,  0.56364103,
  0.59390836,  0.66866958,  0.68780480,
  0.46461080,  0.52263914,  0.53938868,
  0.60951085,  0.70532683,  0.74107884,
  0.46078916,  0.51083900,  0.54218215,
  0.50269012,  0.57254119,  0.59923053,
  0.63722557,  0.70743519,  0.75084073,
  0.53917570,  0.60786530,  0.62640449,
  0.55117623,  0.62897161,  0.65921576,
  0.58689643,  0.66829401,  0.69942561,
  0.36134975,  0.41409414,  0.43119689,
  0.57593338,  0.63938981,  0.67862035,
  0.45683609,  0.54372053,  0.57979186,
  0.46957967,  0.61919229,  0.65979654,
  0.59797532,  0.66348176,  0.70419048,
  0.50411948,  0.56877445,  0.58742816,
  0.52342057,  0.60065687,  0.63058329,
  0.53931315,  0.61601031,  0.63713953,
  0.40850145,  0.46710330,  0.48622329,
  0.44387641,  0.50623521,  0.53053185,
  0.63887996,  0.71419819,  0.74554051,
  0.57572613,  0.65464087,  0.68399200,
  0.61174612,  0.69441452,  0.72244463,
  0.60316016,  0.69998331,  0.73551184,
  0.68018917,  0.78434804,  0.82394743,
  0.52829454,  0.62493864,  0.66286786,
  0.61851025,  0.82359853,  0.87760696,
  0.55252768,  0.64404672,  0.68105092,
  0.57283030,  0.67456749,  0.71848301,
  0.66685491,  0.74009096,  0.78550013,
  0.55596381,  0.62539620,  0.64190033,
  0.61918108,  0.69667399,  0.71905565,
  0.60170320,  0.67810687,  0.69875598,
  0.49300262,  0.57753469,  0.61486656,
  0.59397561,  0.67047985,  0.69252774,
  0.48527860,  0.57026003,  0.60728155,
  0.57146588,  0.64277551,  0.66335097,
  0.46423973,  0.52274188,  0.54421863,
  0.59498155,  0.68033313,  0.70367430,
  0.62814725,  0.70660919,  0.72524477,
  0.53156763,  0.60832606,  0.63329014,
  0.44181397,  0.50273648,  0.52067715,
  0.59198243,  0.69095662,  0.73091218,
  0.64411118,  0.72347703,  0.75318217,
  0.66108026,  0.75051127,  0.77715223,
  0.54139451,  0.60467295,  0.63129135,
  0.68788019,  0.78657250,  0.81877087,
  0.64800821,  0.71744857,  0.76687517,
  0.46069613,  0.51145571,  0.54283669,
  0.51715019,  0.58302656,  0.60080727,
  0.69815356,  0.79468004,  0.83165180,
  0.74976249,  0.83237145,  0.88344260,
  0.52492378,  0.58120895,  0.61678612,
  0.42998799,  0.50086430,  0.52953201,
  0.55619343,  0.62545826,  0.64281128,
  0.53878142,  0.67695937,  0.72135177,
  0.65319117,  0.73646091,  0.75892918,
  0.59031889,  0.66076748,  0.68963572,
  0.64358443,  0.78457131,  0.83585821,
  0.70437203,  0.81309150,  0.85419486,
  0.55353880,  0.63103039,  0.65629562,
  0.58679375,  0.65993478,  0.68102903,
  0.50464528,  0.57246058,  0.59524337,
  0.51897735,  0.58850818,  0.61039639,
  0.73724963,  0.81847992,  0.86869874,
  0.59555971,  0.66993298,  0.68761569,
  0.60201041,  0.69004577,  0.72376861,
  0.61531033,  0.70038088,  0.73296514,
  0.58186682,  0.65560570,  0.67553352,
  0.52941253,  0.60102968,  0.62502046,
  0.55294642,  0.62335083,  0.64694017,
  0.67115159,  0.75491266,  0.77487967,
  0.62839822,  0.70665292,  0.72893804,
  0.52439182,  0.59075776,  0.61320140,
  0.54250395,  0.62340344,  0.64484635,
  0.48039743,  0.53689880,  0.56048051,
  0.57783862,  0.67677338,  0.72050691,
  0.52369238,  0.58094920,  0.61659404,
  0.66894131,  0.76943602,  0.80864510,
  0.53758608,  0.62824170,  0.66864833,
  0.52462769,  0.59084864,  0.61366766,
  0.69853490,  0.77480986,  0.82234925,
  0.60624503,  0.68308042,  0.70384572,
  0.55401625,  0.63079262,  0.65610826,
  0.62220118,  0.70335651,  0.72887853,
  0.54519065,  0.64296050,  0.68489937,
  0.70672745,  0.78459480,  0.83273455,
  0.55604002,  0.62871170,  0.65152939,
  0.61114029,  0.81378481,  0.86714970,
  0.53207061,  0.59069424,  0.62693700,
  0.51081702,  0.57479912,  0.59326157,
  0.69281068,  0.79285005,  0.82538618,
  0.47189106,  0.53683589,  0.55841526,
  0.59839652,  0.68436867,  0.71239826,
  0.55295687,  0.62228280,  0.64459603,
  0.50277469,  0.56763843,  0.58853558,
  0.52959541,  0.59625374,  0.61331585,
  0.61511209,  0.74550172,  0.79400791,
  0.63994807,  0.73395819,  0.76988919,
  0.52035857,  0.58516006,  0.60142219,
  0.65514656,  0.74032697,  0.76723453,
  0.43755888,  0.49381393,  0.51223405,
  0.60864355,  0.69707291,  0.72582418,
  0.54151957,  0.62061838,  0.65093509,
  0.67130795,  0.89390312,  0.95252186,
  0.42019216,  0.49431072,  0.52644748,
  0.56217659,  0.63237140,  0.64907028,
  0.57424555,  0.64073836,  0.66903857,
  0.64506195,  0.72999274,  0.75650439,
  0.44393884,  0.50124873,  0.51775042,
  0.61730395,  0.69441095,  0.71272522,
  0.58096766,  0.65401781,  0.67922878,
  0.61131173,  0.67866615,  0.72030653,
  0.55239500,  0.62725384,  0.65319943,
  0.51875865,  0.58802856,  0.61182796,
  0.57223792,  0.64706617,  0.67202759,
  0.61054222,  0.69657801,  0.72216477,
  0.64583175,  0.71604326,  0.75868091,
  0.76200363,  0.85719967,  0.87979564,
  0.71665986,  0.80663297,  0.82967406,
  0.50445078,  0.57285777,  0.59320871,
  0.55673283,  0.64393843,  0.67656692,
  0.57141610,  0.64301377,  0.66366539,
  0.56792729,  0.64216996,  0.66693572,
  0.54913361,  0.64218862,  0.68356974,
  0.65656681,  0.74699495,  0.77701702,
  0.58134000,  0.67009550,  0.70391025,
  0.54931081,  0.65823495,  0.70284122,
  0.55042258,  0.61906899,  0.63603348,
  0.67035854,  0.76175138,  0.79243804,
  0.47320789,  0.53638161,  0.55629439,
  0.59412616,  0.67452048,  0.70144818,
  0.59604192,  0.67440550,  0.70053505,
  0.43166360,  0.49706744,  0.52245938,
  0.58593258,  0.66935606,  0.69231578,
  0.57064008,  0.64241770,  0.66079555,
  0.70764308,  0.78414169,  0.83225365,
  0.52280681,  0.60170965,  0.62243178,
  0.63941123,  0.72629246,  0.75211115,
  0.49920419,  0.56160567,  0.58195934,
  0.68071345,  0.77553727,  0.81168672,
  0.74460449,  0.82664514,  0.87736495,
  0.50320633,  0.58744938,  0.62144719,
  0.55819499,  0.62942279,  0.64863428,
  0.48220151,  0.54346724,  0.56002109,
  0.58121001,  0.65961869,  0.68301192,
  0.52792077,  0.64260095,  0.68456422,
  0.58301095,  0.68385096,  0.72813522,
  0.54901824,  0.62688908,  0.65243761,
  0.64515627,  0.75900999,  0.80836030,
  0.63594932,  0.71569559,  0.74135973,
  0.47505543,  0.53524448,  0.55556450,
  0.55689402,  0.63208342,  0.65450610,
  0.72899902,  0.80932025,  0.85897707,
  0.58388427,  0.65728857,  0.67608744,
  0.54879617,  0.62867274,  0.65934144,
  0.55439719,  0.62472028,  0.64373094,
  0.49111800,  0.56005274,  0.58692227,
  0.62375845,  0.70476773,  0.72803493,
  0.71756371,  0.80969683,  0.83627053,
  0.56164596,  0.64294493,  0.67424483,
  0.49197497,  0.56553493,  0.58500210,
  0.54690905,  0.61635296,  0.63512133,
  0.55350874,  0.62334524,  0.64219045,
  0.49098736,  0.62301731,  0.66387240,
  0.63175100,  0.72131090,  0.75010480,
  0.65109327,  0.75249150,  0.79058705,
  0.62898818,  0.70769322,  0.73339895,
  0.73462419,  0.81356980,  0.86348408,
  0.56067469,  0.63642963,  0.65901188,
  0.45107908,  0.50903585,  0.52992753,
  0.49686820,  0.55907151,  0.57940061,
  0.62001469,  0.68922191,  0.72057469,
  0.63449075,  0.84487792,  0.90028178,
  0.59166918,  0.76001716,  0.80985618,
  0.71198408,  0.80438278,  0.83092942,
  0.63360095,  0.75060918,  0.79630994,
  0.52974318,  0.63440504,  0.67733521,
  0.52710713,  0.61509152,  0.65062446,
  0.48004180,  0.61482489,  0.65514275,
  0.60218766,  0.66853680,  0.70955568,
  0.56370509,  0.64737019,  0.67098153,
  0.66891253,  0.77672220,  0.82018477,
  0.55684556,  0.61650961,  0.65900587,
  0.55369970,  0.63019455,  0.65950443,
  0.59806691,  0.67392071,  0.69442572,
  0.46772998,  0.52626748,  0.54539086,
  0.58173913,  0.65494238,  0.68019846,
  0.58295061,  0.65962997,  0.68519686,
  0.52477117,  0.59819251,  0.62011367,
  0.51938530,  0.58407674,  0.60266729,
  0.65526029,  0.87253431,  0.92975176,
  0.45539966,  0.60640303,  0.64616861,
  0.48982795,  0.55465776,  0.57662101,
  0.69496231,  0.77987100,  0.81399468,
  0.55490192,  0.62688058,  0.65257445,
  0.53958992,  0.60678575,  0.62367091,
  0.65842274,  0.74062791,  0.76435244,
  0.62115852,  0.68959787,  0.73190898,
  0.68310354,  0.77249058,  0.80230814,
  0.59636445,  0.67153110,  0.69744767,
  0.67949513,  0.76428867,  0.78451067,
  0.64117680,  0.72064947,  0.75024431,
  0.65241358,  0.72270316,  0.76750900,
  0.61023074,  0.69859164,  0.72737723,
  0.80146194,  0.92306861,  0.97023970,
  0.56527791,  0.67076420,  0.71477760,
  0.52223653,  0.58754679,  0.60886190,
  0.51095479,  0.57847644,  0.60098091,
  0.50664718,  0.57543297,  0.59588334,
  0.52927122,  0.59528265,  0.61159038,
  0.73876085,  0.82015764,  0.87047940,
  0.57364505,  0.64792812,  0.67178354,
  0.51899105,  0.58414186,  0.60664128,
  0.60839772,  0.68840410,  0.71508089,
  0.55913760,  0.62876892,  0.64622007,
  0.55464454,  0.62430819,  0.64836097,
  0.55623789,  0.62550861,  0.64284971,
  0.62880175,  0.79359852,  0.84563967,
  0.60588120,  0.67806578,  0.70770808,
  0.67321541,  0.75736987,  0.78166912,
  0.58645427,  0.67066743,  0.69813040,
  0.49539179,  0.57287949,  0.60190287,
  0.53413173,  0.60364729,  0.62587550,
  0.60547505,  0.76745964,  0.81778670,
  0.50676704,  0.57038061,  0.59234953,
  0.57823678,  0.68113940,  0.72550039,
  0.61611205,  0.69627258,  0.72160169,
  0.64424825,  0.72565295,  0.75546782,
  0.51592863,  0.58709781,  0.61438641,
  0.58482480,  0.66337889,  0.68977467,
  0.57588030,  0.64808747,  0.66889833,
  0.54102787,  0.67693287,  0.72132353,
  0.60539045,  0.69586287,  0.71981550,
  0.65069052,  0.77560891,  0.82733181,
  0.67585076,  0.74827513,  0.79396502,
  0.57469147,  0.65705014,  0.68890714,
  0.49724009,  0.57150675,  0.60057036,
  0.62375388,  0.70162613,  0.72016273,
  0.59150372,  0.66754652,  0.68947215,
  0.64407049,  0.72692692,  0.75081296,
  0.73296140,  0.81359435,  0.86351341,
  0.76069275,  0.84450601,  0.89632169,
  0.79487253,  1.05843977,  1.12784820,
  0.60543792,  0.68105344,  0.70287922,
  0.69706949,  0.77387272,  0.82135461,
  0.49602462,  0.55844256,  0.57997749,
  0.65738144,  0.73959651,  0.76334051,
  0.63475451,  0.71468700,  0.74225678,
  0.47606244,  0.61714959,  0.65761990,
  0.58380829,  0.66022680,  0.68419169,
  0.61819790,  0.70124313,  0.72736037,
  0.57414863,  0.65472271,  0.67875115,
  0.68422768,  0.75860745,  0.80515272,
  0.67203991,  0.89039945,  0.94878843,
  0.57283112,  0.64647073,  0.67058599,
  0.62060279,  0.76232164,  0.81231177,
  0.60462594,  0.68713078,  0.71565652,
  0.62494184,  0.70930094,  0.73446111,
  0.63483041,  0.76039833,  0.81187752,
  0.60384173,  0.68578414,  0.71417109,
  0.59223594,  0.66622698,  0.68378583,
  0.82049548,  0.90902403,  0.96479829,
  0.55858313,  0.62814537,  0.64558025,
  0.69636580,  0.79596439,  0.82850797,
  0.62982588,  0.75142448,  0.80169236,
  0.64585623,  0.71701678,  0.76101021,
  0.66710269,  0.75372636,  0.78147920,
  0.66233591,  0.78849252,  0.84084571,
  0.62701602,  0.70509976,  0.72469693,
  0.64592115,  0.72664046,  0.74577481,
  0.69320982,  0.76958780,  0.81680678,
  0.54003002,  0.60823903,  0.62665172,
  0.62189923,  0.71168834,  0.74629997,
  0.47445072,  0.53837129,  0.55745611,
  0.62273765,  0.71153095,  0.74058781,
  0.67923414,  0.83191240,  0.88642180,
  0.45277458,  0.59059796,  0.62932711,
  0.51222472,  0.58223121,  0.60824186,
  0.67998232,  0.77525912,  0.81241800,
  0.60892573,  0.67418510,  0.72060846,
  0.70446164,  0.79247239,  0.81335948,
  0.73294451,  0.83870053,  0.87310830,
  0.77344338,  0.88193169,  0.92422812,
  0.62644830,  0.71311278,  0.74174364,
  0.47711091,  0.53667297,  0.55386195,
  0.60347850,  0.67863135,  0.69748199,
  0.54634043,  0.62515368,  0.65079842,
  0.62992177,  0.70956375,  0.73653833,
  0.56405642,  0.63866706,  0.66353221,
  0.51084813,  0.56600901,  0.60101666,
  0.63485801,  0.70353546,  0.74670172,
  0.56561953,  0.68016302,  0.72656325,
  0.51211482,  0.57648435,  0.59870266,
  0.69109106,  0.77718644,  0.80195980,
  0.63878836,  0.73208366,  0.76232508,
  0.48018114,  0.58202706,  0.61990008,
  0.59266581,  0.66775056,  0.68804004,
  0.66287376,  0.74542452,  0.76608192,
  0.59759335,  0.67395197,  0.69914583,
  0.61597689,  0.69308088,  0.71827524,
  0.60153737,  0.69779387,  0.73320483,
  0.43810090,  0.49341253,  0.51247060,
  0.55189060,  0.62066815,  0.64033175,
  0.63434017,  0.71556834,  0.73901327,
  0.72069093,  0.81053130,  0.83644287,
  0.64120092,  0.77805565,  0.82873334,
  0.63195779,  0.78432454,  0.83575754,
  0.55254715,  0.67036444,  0.71402118,
  0.50227464,  0.56181462,  0.58642035,
  0.67285984,  0.75695914,  0.78124120,
  0.58804144,  0.66232169,  0.68751486,
  0.60283292,  0.68697420,  0.71210641,
  0.75831883,  0.87591396,  0.92022696,
  0.64788204,  0.84457429,  0.89995824,
  0.55483645,  0.68369692,  0.72853114,
  0.65936786,  0.74658582,  0.77565256,
  0.54638525,  0.61497843,  0.63254428,
  0.61559466,  0.79439445,  0.84648779,
  0.65066091,  0.73353884,  0.76129106,
  0.57468854,  0.75784930,  0.80754615,
  0.58374050,  0.70083208,  0.74850284,
  0.56050338,  0.63030470,  0.64780188,
  0.54927701,  0.63285277,  0.66521683,
  0.81087485,  0.92474126,  0.96173927,
  0.59797897,  0.67553180,  0.69781921,
  0.58063351,  0.67280107,  0.70692808,
  0.64313110,  0.83916976,  0.89419930,
  0.62872587,  0.70749419,  0.73285757,
  0.63452592,  0.73005583,  0.75520892,
  0.58102860,  0.64731120,  0.67649921,
  0.60387745,  0.67907850,  0.70050765,
  0.63608553,  0.70616954,  0.74949742,
  0.74793496,  0.83034256,  0.88128923,
  0.56664516,  0.63757280,  0.66074842,
  0.63319055,  0.72859976,  0.76576547,
  0.81277832,  0.90233037,  0.95769393,
  0.76746914,  0.86312660,  0.89046116,
  0.69701483,  0.77236131,  0.81975046,
  0.66959385,  0.75443372,  0.78543278,
  0.70194825,  0.79208879,  0.82164728,
  0.62700715,  0.70733843,  0.73375566,
  0.70344916,  0.84668543,  0.90454310,
  0.54550964,  0.61517741,  0.63817825,
  0.61448458,  0.73890529,  0.78931058,
  0.57406652,  0.64584710,  0.66926902,
  0.70098956,  0.77822471,  0.82597362,
  0.66714832,  0.74065484,  0.78609860,
  0.70551615,  0.80851432,  0.84800154,
  0.89570126,  1.00782778,  1.04446962,
  0.68878460,  0.78194074,  0.80969512,
  0.69321799,  0.78368031,  0.81211824,
  0.69044878,  0.91939075,  0.97968087,
  0.72367606,  0.81460850,  0.84807464,
  0.53064556,  0.60605966,  0.63077810,
  0.67583215,  0.77922915,  0.81856429,
  0.56891615,  0.65440013,  0.67693298,
  0.64198790,  0.72321260,  0.75069359,
  0.56442834,  0.63529990,  0.65977263,
  0.63774047,  0.71732323,  0.73630280,
  0.56461462,  0.63505889,  0.65187231,
  0.67738934,  0.76652379,  0.79436063,
  0.69082291,  0.77695087,  0.80179301,
  0.68616008,  0.77348565,  0.79706457,
  0.60700880,  0.68615015,  0.71117902,
  0.68661703,  0.91428846,  0.97424399,
  0.68251955,  0.77852835,  0.80711466,
  0.61273806,  0.69500586,  0.72265474,
  0.69724271,  0.78407350,  0.80580556,
  0.77089980,  0.85583767,  0.90834862,
  0.85969577,  0.96696063,  0.99255752,
  0.63891436,  0.71904002,  0.74482479,
  0.65860753,  0.74137380,  0.76257174,
  0.54693624,  0.62001712,  0.64462520,
  0.63841105,  0.73617844,  0.77334627,
  0.55566465,  0.62489451,  0.64470533,
  0.68322281,  0.78057674,  0.80735208,
  0.61335997,  0.68976000,  0.71164057,
  0.59765164,  0.67451570,  0.69934532,
  0.49806993,  0.56911073,  0.59662171,
  0.52978515,  0.60534999,  0.63461290,
  0.64363674,  0.72431182,  0.75028168,
  0.58738027,  0.65093120,  0.69086987,
  0.64878500,  0.74060285,  0.77624993,
  0.69477454,  0.77132491,  0.81865048,
  0.65678693,  0.73859743,  0.76202632,
  0.73550005,  0.83016531,  0.85745211,
  0.52249591,  0.59193994,  0.61547479,
  0.60489765,  0.71810794,  0.76531293,
  0.66025569,  0.74284432,  0.76980613,
  0.64919690,  0.73013636,  0.75018769,
  0.76042861,  0.89957305,  0.95417512,
  0.64293829,  0.72401439,  0.74588862,
  0.65619729,  0.73805783,  0.75760617,
  0.49159309,  0.55480959,  0.57523264,
  0.68749493,  0.78389170,  0.81265540,
  0.71221006,  0.94836773,  1.01055805,
  0.67237587,  0.75321132,  0.78606937,
  0.65744975,  0.73932392,  0.75985515,
  0.70046955,  0.79720530,  0.83427712,
  0.66340644,  0.74820614,  0.77617213,
  0.64707812,  0.73528320,  0.76579108,
  0.83096695,  0.94253769,  0.97763250,
  0.64569059,  0.72889581,  0.75880132,
  0.54261107,  0.61030314,  0.62646663,
  0.56428855,  0.64600403,  0.67745780,
  0.53909996,  0.61031297,  0.63248492,
  0.67614002,  0.77026455,  0.79780758,
  0.80087931,  0.90473185,  0.93457913,
  0.63783705,  0.73129944,  0.76706570,
  0.73203380,  0.82592249,  0.85301025,
  0.93208475,  1.03478201,  1.09827230,
  0.73000201,  0.97205921,  1.03580312,
  0.67571163,  0.78489660,  0.82894703,
  0.59260538,  0.74884193,  0.79794811,
  0.66202016,  0.74688036,  0.77476942,
  0.51870068,  0.58777995,  0.61119525,
  0.62621957,  0.81278969,  0.86608932,
  0.81010421,  0.89866405,  0.95380266,
  0.65644744,  0.73833245,  0.75789340,
  0.60876282,  0.69917908,  0.73411014,
  0.57208642,  0.64317074,  0.66958595,
  0.52591861,  0.59146184,  0.61036365,
  0.77203937,  0.88686036,  0.93118995,
  0.58892791,  0.73896016,  0.78741833,
  0.65368568,  0.73547965,  0.75910691,
  0.69111197,  0.77749435,  0.80566654,
  0.61072818,  0.68586042,  0.71401958,
  0.59905800,  0.67637929,  0.70127997,
  0.61545545,  0.70468613,  0.72887007,
  0.67940411,  0.77165266,  0.79907730,
  0.59024249,  0.67357206,  0.70596399,
  0.63404348,  0.71728996,  0.74505096,
  0.54511551,  0.61366890,  0.63732640,
  0.69233673,  0.86429379,  0.92097086,
  0.68531928,  0.77066145,  0.79513960,
  0.66700131,  0.77123206,  0.81029829,
  0.80729539,  0.91361788,  0.94906469,
  0.65811894,  0.74216698,  0.77264684,
  0.65869372,  0.74388744,  0.77127498,
  0.65854472,  0.74212333,  0.76471632,
  0.61655993,  0.69676672,  0.72242356,
  0.70572009,  0.79426207,  0.82484633,
  0.61970452,  0.70124706,  0.72990717,
  0.71676420,  0.81294742,  0.84320821,
  0.63120582,  0.77737501,  0.82835228,
  0.60903833,  0.68733896,  0.71297798,
  0.66452601,  0.75811314,  0.78595671,
  0.67162892,  0.76033207,  0.78795356,
  0.68972832,  0.77931914,  0.80801459,
  0.61782036,  0.69736861,  0.72029581,
  0.62282392,  0.71501020,  0.75068689,
  0.79289607,  0.87788654,  0.93828916,
  0.63018009,  0.71283645,  0.74040308,
  0.71568312,  0.79596881,  0.83210527,
  0.57339235,  0.69143448,  0.74185507,
  0.66137714,  0.80031995,  0.85232152,
  0.69274439,  0.77915201,  0.80407957,
  0.65387729,  0.73632379,  0.75856692,
  0.72213139,  0.81226033,  0.83373981,
  0.53886703,  0.69305226,  0.73849997,
  0.79456731,  0.87969278,  0.93335382,
  0.59200139,  0.66573430,  0.68691732,
  0.70162660,  0.80933658,  0.85021408,
  0.60662819,  0.68250464,  0.70727345,
  0.61621764,  0.69603706,  0.71898767,
  0.58677950,  0.65836669,  0.68716705,
  0.67451857,  0.77558070,  0.80230805,
  0.60997198,  0.68113925,  0.71114288,
  0.73825379,  0.81872645,  0.86733047,
  0.73861494,  0.83162932,  0.86371079,
  0.73579843,  0.87086778,  0.92378407,
  0.48518760,  0.54787547,  0.56804590,
  0.64715614,  0.72709342,  0.75694947,
  0.70180044,  0.79108046,  0.81519110,
  0.58299847,  0.66163037,  0.68800500,
  0.67076733,  0.76258826,  0.79672351,
  0.46499478,  0.52588411,  0.54619420,
  0.76336811,  0.86704979,  0.90295655,
  0.69729126,  0.78996517,  0.82137268,
  0.80614075,  0.90418298,  0.94371643,
  0.64997370,  0.73130793,  0.75480296,
  0.79746850,  0.88533371,  0.93965443,
  0.66841866,  0.78370321,  0.83442360,
  0.74035535,  0.83859345,  0.87188208,
  0.70738348,  0.79936879,  0.82842768,
  0.67944752,  0.82790735,  0.88201001,
  0.61704552,  0.82164812,  0.87552865,
  0.66087452,  0.74339282,  0.76720855,
  0.63553052,  0.71885143,  0.74494812,
  0.60487879,  0.68737867,  0.71184454,
  0.80471387,  0.94996321,  1.01200807,
  0.66128600,  0.74885563,  0.77606698,
  0.63770986,  0.75671081,  0.80636329,
  0.70277028,  0.79297480,  0.81899443,
  0.66895222,  0.75247480,  0.77657986,
  0.87363002,  0.98525916,  1.02572021,
  0.62071944,  0.69801992,  0.71738678,
  0.54626899,  0.61895201,  0.64189032,
  0.63275378,  0.72788119,  0.76498218,
  0.76533778,  0.88932100,  0.93937958,
  0.60333705,  0.67899332,  0.70334130,
  0.63026381,  0.70972504,  0.73116207,
  0.65955475,  0.80381019,  0.85634447,
  0.61068530,  0.68914704,  0.71177367,
  0.79053193,  0.90017986,  0.93629956,
  0.75991293,  0.84346838,  0.89522039,
  0.61371497,  0.70493389,  0.72914970,
  0.64253709,  0.72519548,  0.74902448,
  0.87553014,  0.97065547,  1.03021120,
  0.71437787,  0.80346029,  0.82549759,
  0.68998728,  0.78557658,  0.81363839,
  0.74743029,  0.84800951,  0.88177927,
  0.67782968,  0.76913962,  0.80020808,
  0.60693130,  0.68358303,  0.70427413,
  0.71696104,  0.82019563,  0.86004000,
  0.73052515,  0.86585520,  0.91862817,
  0.74443049,  0.85092048,  0.88571311,
  0.60797438,  0.68383320,  0.70572049,
  0.73409926,  0.82614115,  0.85576465,
  0.64642717,  0.73026185,  0.75714977,
  0.65494749,  0.73650846,  0.75971956,
  0.68346702,  0.77334881,  0.80331829,
  0.64280678,  0.72417676,  0.74615855,
  0.80210150,  0.89586549,  0.93530041,
  0.66703360,  0.75249099,  0.78059479,
  0.69782638,  0.78754365,  0.81692030,
  0.63366338,  0.71257372,  0.73505035,
  0.74897417,  0.84609296,  0.87400531,
  0.60028225,  0.67849980,  0.70323035,
  0.66073507,  0.74977235,  0.77635307,
  0.49295068,  0.59889458,  0.63794461,
  0.67692823,  0.76952517,  0.80393992,
  0.74789173,  0.85478218,  0.88972077,
  0.56653221,  0.64590511,  0.67686230,
  0.72404504,  0.81586464,  0.84938842,
  0.67749962,  0.76191997,  0.78624485,
  0.70169802,  0.78935686,  0.81466135,
  0.62128671,  0.79023186,  0.84205224,
  0.65721239,  0.81982595,  0.87358699,
  0.70563679,  0.79350927,  0.81867761,
  0.72681621,  0.80689694,  0.85640507,
  0.63190195,  0.71526188,  0.74304927,
  0.63309182,  0.72419779,  0.75387747,
  0.56976718,  0.65989400,  0.69335966,
  0.70138947,  0.83415733,  0.88934972,
  0.56825751,  0.63945014,  0.65998799,
  0.72326074,  0.80074763,  0.85596902,
  0.70702405,  0.80164173,  0.83348433,
  0.89075785,  1.00275057,  1.03143090,
  0.85360842,  0.97765020,  1.01797614,
  0.73530383,  0.85801847,  0.90757951,
  0.62062953,  0.71061399,  0.74522959,
  0.76062721,  0.85545312,  0.87895650,
  0.59804623,  0.67690194,  0.70318898,
  0.66239258,  0.74773672,  0.77526305,
  0.68724604,  0.77283097,  0.79428746,
  0.61846812,  0.75694890,  0.80653359,
  0.60855970,  0.68564121,  0.71381346,
  0.70630285,  0.79442405,  0.81984862,
  0.57828874,  0.77004021,  0.82053649,
  0.53361459,  0.64731491,  0.68946601,
  0.74149564,  0.83548292,  0.86719237,
  0.67644783,  0.76382773,  0.79194842,
  0.65098699,  0.77557160,  0.82720228,
  0.65512147,  0.74565800,  0.77228004,
  0.65619329,  0.76031387,  0.79887899,
  0.71725286,  0.80824084,  0.83283857,
  0.64223212,  0.73288544,  0.76217150,
  0.76928734,  0.87878314,  0.91464572,
  0.70970068,  0.79688573,  0.82960170,
  0.66874562,  0.75290834,  0.77445207,
  0.77558095,  0.88387948,  0.91622486,
  0.71593459,  0.82137635,  0.84962349,
  0.69348637,  0.78015020,  0.80069328,
  0.80378195,  0.90507852,  0.93240254,
  0.62566446,  0.70526057,  0.72675582,
  0.53487876,  0.60131988,  0.62601601,
  0.93538818,  1.03844941,  1.10216472,
  0.70442548,  0.78171824,  0.82968150,
  0.80318389,  0.89088319,  0.94554440,
  0.71434217,  0.81145435,  0.84507500,
  0.66339523,  0.74844122,  0.77638746,
  0.70135934,  0.79355132,  0.82429234,
  0.81086032,  0.94510428,  0.99938545,
  0.69779833,  0.78501591,  0.81346028,
  0.60823388,  0.70419779,  0.73990506,
  0.72638694,  0.83255637,  0.87323587,
  0.71181519,  0.81073928,  0.83971924,
  0.67691439,  0.76437506,  0.79251609,
  0.75356210,  0.84744956,  0.87431470,
  0.72072652,  0.82921622,  0.87150110,
  0.71803802,  0.79571114,  0.84453296,
  0.65322035,  0.73860646,  0.76708934,
  0.72065234,  0.80005393,  0.84914220,
  0.71441307,  0.80899007,  0.84179494,
  0.67147714,  0.77149745,  0.79802252,
  0.77700477,  0.99092328,  1.05590423,
  0.82261536,  0.92548496,  0.95905577,
  0.67867522,  0.76319024,  0.78738951,
  0.65527598,  0.74416740,  0.77496544,
  0.55057239,  0.62301173,  0.64716434,
  0.77303060,  0.85820324,  0.91085933,
  0.73678235,  0.83580565,  0.86907099,
  0.68686706,  0.78134372,  0.81761444,
  0.65838517,  0.75626751,  0.78224923,
  0.71077998,  0.79929461,  0.82152583,
  0.68493923,  0.77123671,  0.80099562,
  0.59514246,  0.68245636,  0.71068503,
  0.72110115,  0.82931488,  0.87155925,
  0.59339815,  0.71480308,  0.76372074,
  0.63300454,  0.71183246,  0.73435653,
  0.78496968,  0.88445405,  0.91134016,
  0.76681896,  0.86259632,  0.88535061,
  0.74541203,  0.84169021,  0.86940634,
  0.73055600,  0.82166748,  0.84418453,
  0.84755418,  0.96641440,  1.01275757,
  0.66020753,  0.79503153,  0.84940847,
  0.56860531,  0.68098562,  0.72707437,
  0.76493034,  0.87547084,  0.91806371,
  0.70991677,  0.79759267,  0.83034341,
  0.77634755,  0.87881267,  0.91073636,
  0.76741145,  0.87228877,  0.90335671,
  0.75265030,  0.84712337,  0.87975041,
  0.70743490,  0.81620798,  0.85744309,
  0.67650780,  0.76103759,  0.78108712,
  0.69092680,  0.80513938,  0.85132601,
  0.72587324,  0.81651290,  0.83807018,
  0.64452113,  0.77952493,  0.83015269,
  0.69183593,  0.78656581,  0.82178579,
  0.73888207,  0.84333613,  0.88391390,
  0.80720262,  0.95985035,  1.02332392,
  0.72980974,  0.82332236,  0.85407009,
  0.65445133,  0.73595161,  0.75640799,
  0.67308499,  0.74620736,  0.79067720,
  0.73353077,  0.82675550,  0.85807988,
  0.70654177,  0.80275739,  0.83604754,
  0.83963052,  0.96085818,  1.00028733,
  0.70127818,  0.78887678,  0.80968054,
  0.76601024,  0.87256622,  0.90376242,
  0.73728723,  0.86156950,  0.91697453,
  0.70653354,  0.81011408,  0.83792500,
  0.90807470,  1.00812653,  1.06998134,
  0.83060423,  0.93741353,  0.96820804,
  0.85235384,  0.95505469,  0.99674035,
  0.66667416,  0.80658051,  0.85898038,
  0.77982550,  0.88741958,  0.92307085,
  0.66855903,  0.75211350,  0.77623738,
  0.67018876,  0.75640356,  0.78424775,
  0.80074345,  0.90046104,  0.92551985,
  0.72178003,  0.80922538,  0.84458273,
  0.74385650,  0.83650486,  0.86304512,
  0.61877336,  0.69592086,  0.71817301,
  0.77154791,  0.88698396,  0.91753317,
  0.73210030,  0.83339575,  0.87218059,
  0.75340350,  0.86266684,  0.89822939,
  0.77514344,  0.87964027,  0.91082920,
  0.67224916,  0.76849969,  0.79486429,
  0.86223471,  0.96992423,  1.00100810,
  0.96204627,  1.10531310,  1.16058867,
  0.81540501,  0.91991292,  0.95426472,
  0.82822580,  0.93460092,  0.96527990,
  0.67247195,  0.79800410,  0.85037749,
  0.72959654,  0.83321422,  0.86646081,
  0.63795989,  0.71825635,  0.73880947,
  0.64275696,  0.74685684,  0.78888442,
  0.72767519,  0.81913208,  0.85070107,
  0.73552082,  0.87607914,  0.93435384,
  0.75093483,  0.84558056,  0.87111140,
  0.77107326,  0.87375903,  0.90856556,
  0.71312641,  0.79169880,  0.84027443,
  0.69091098,  0.78030742,  0.80903614,
  0.70963751,  0.78782549,  0.83616348,
  0.67525612,  0.76143448,  0.79020555,
  0.69712609,  0.79342731,  0.82175235,
  0.81798193,  0.93003891,  0.97170829,
  0.65703839,  0.77000407,  0.81980529,
  0.66609571,  0.76238744,  0.78854946,
  0.68741243,  0.78164321,  0.80950237,
  0.71467238,  0.79243475,  0.84105554,
  0.87405056,  1.03641755,  1.10423409,
  0.85608120,  0.95040437,  1.00871758,
  0.77438077,  0.87098394,  0.89405357,
  0.85265450,  0.96825984,  1.00731456,
  0.66586225,  0.75219727,  0.77989266,
  0.81008096,  0.93163050,  0.96373459,
  0.79856358,  0.92381341,  0.97062942,
  0.84202290,  0.94736536,  0.97779282,
  0.76684784,  0.87057184,  0.90531982,
  0.69845475,  0.83522888,  0.89154733,
  0.76024789,  0.89207434,  0.94987287,
  0.73295022,  0.82725493,  0.85770739,
  0.69084764,  0.77887027,  0.80833187,
  0.80357924,  0.89036302,  0.94499232,
  0.68275352,  0.76777648,  0.79210616,
  0.80511755,  0.91101984,  0.94633042,
  0.85727308,  0.95172758,  1.01012197,
  0.64779203,  0.72846131,  0.75153416,
  0.76180557,  0.87060867,  0.90047421,
  0.77574869,  0.86045369,  0.91143417,
  0.74289190,  0.83540533,  0.85864728,
  0.63274463,  0.77663154,  0.82755855,
  0.74516738,  0.82575908,  0.87642452,
  0.73801476,  0.83010984,  0.85207422,
  0.81986532,  0.92227851,  0.96016345,
  0.85667325,  0.95544321,  0.99770735,
  0.80346411,  0.90469563,  0.93199983,
  0.74429315,  0.82881600,  0.86625782,
  0.92854282,  1.03084982,  1.09409886,
  0.78394684,  0.88157257,  0.90928017,
  0.77264293,  0.88536018,  0.92192116,
  0.70698657,  0.79740418,  0.82176903,
  0.70319510,  0.80615035,  0.83382415,
  0.79731956,  0.92687948,  0.97923716,
  0.78183222,  0.88925864,  0.92924910,
  0.79332744,  0.90845359,  0.93963140,
  0.71189384,  0.81962476,  0.84785462,
  0.61311766,  0.69223233,  0.71771645,
  0.75675061,  0.84613130,  0.88323830,
  0.83727967,  0.94990888,  0.98773040,
  0.74872284,  0.84782925,  0.88140517,
  0.63210900,  0.71824797,  0.74804437,
  0.68825243,  0.77458293,  0.80236108,
  0.77147532,  0.85415372,  0.90632637,
  0.70712038,  0.79718599,  0.82149672,
  0.71867772,  0.81848520,  0.84773768,
  0.66537913,  0.76104572,  0.79222472,
  0.99208707,  1.10139539,  1.16897283,
  0.74069124,  0.82142820,  0.87182792,
  0.70510241,  0.81411349,  0.85527955,
  0.66302750,  0.74559699,  0.76627508,
  0.81590582,  0.90580246,  0.96137905,
  0.79048915,  0.88076903,  0.92046539,
  0.64605000,  0.74663988,  0.78443778,
  0.78760484,  0.89133320,  0.92370523,
  0.60824417,  0.79734801,  0.84963503,
  0.80345407,  0.90416873,  0.93658799,
  0.61361766,  0.67936296,  0.72081881,
  0.75048334,  0.84396414,  0.87073585,
  0.66329195,  0.76163012,  0.78942320,
  0.64324302,  0.72360823,  0.74267814,
  0.62965809,  0.70943513,  0.73099310,
  0.76038217,  0.85507442,  0.87883560,
  0.82279924,  0.92536465,  0.95466091,
  0.62864227,  0.70706620,  0.72579299,
  0.78516153,  0.88451769,  0.91812432,
  0.87055476,  0.96483662,  1.02431097,
  0.74609392,  0.93820244,  0.99972616,
  0.78567438,  0.99513826,  1.06039561,
  0.78307100,  0.92208411,  0.98210791,
  0.83140316,  0.92318059,  0.97181896,
  0.84696637,  0.96684752,  1.00545744,
  0.79403453,  0.88152139,  0.93560819,
  0.84751826,  0.95406470,  0.99083854,
  0.70515138,  0.79536661,  0.81967337,
  0.78206966,  0.88067423,  0.91466761,
  0.73665883,  0.82924444,  0.85295760,
  0.83148908,  0.95355520,  0.99300478,
  0.66999787,  0.77546380,  0.81477627,
  0.74798757,  0.85023059,  0.88051489,
  0.75610563,  0.86729521,  0.90319417,
  0.82447328,  1.09785568,  1.16984884,
  0.68306328,  0.75628826,  0.80830040,
  0.70622474,  0.91108834,  0.97083402,
  0.80682754,  0.91089005,  0.94086493,
  0.77270441,  0.86910095,  0.89211873,
  0.69973528,  0.77470521,  0.82197298,
  0.71684977,  0.84224993,  0.89691769,
  0.74740967,  0.84579412,  0.87651077,
  0.78497805,  1.04526444,  1.11380888,
  0.65719893,  0.74215481,  0.76660293,
  0.69145390,  0.78475024,  0.81258270,
  0.65484335,  0.77311861,  0.82361989,
  0.71037459,  0.81051997,  0.84029467,
  0.65042326,  0.73669041,  0.76592153,
  0.75155401,  0.85127298,  0.88506328,
  0.76912440,  0.85207253,  0.90435246,
  0.75234497,  0.93209591,  0.99321918,
  0.84243650,  0.95628240,  0.99443610,
  0.72798440,  0.82225236,  0.85252604,
  0.88466434,  1.01080567,  1.05208417,
  0.69520926,  0.77102481,  0.81677280,
  0.73164171,  0.97424261,  1.03812971,
  0.73107541,  0.82825679,  0.86119239,
  0.66231051,  0.74483749,  0.76844328,
  0.75379096,  0.85038881,  0.88214593,
  0.81063754,  0.92386422,  0.96807007,
  0.87854014,  1.01114732,  1.04597015,
  0.78838850,  0.88888283,  0.91599990,
  0.77162388,  0.87012468,  0.90586129,
  0.69094677,  0.77733556,  0.80552140,
  0.75859903,  0.85309406,  0.88015292,
  0.74693255,  0.93621980,  0.99761350,
  0.69138391,  0.77804117,  0.80302740,
  0.76401840,  0.88185128,  0.92642487,
  0.82010125,  0.92225975,  0.95163891,
  0.71497269,  0.80642309,  0.83106499,
  0.68094494,  0.80167294,  0.85384513,
  0.83410668,  0.94154320,  0.97620381,
  0.73739168,  0.83117029,  0.86264818,
  0.80399583,  0.90991812,  0.94296616,
  0.66679143,  0.75119848,  0.77973326,
  0.71542921,  0.79425532,  0.84298781,
  0.70816467,  0.79966374,  0.82600025,
  0.81191835,  0.93195436,  0.97843195,
  0.69407558,  0.78123833,  0.81133489,
  0.73577818,  0.82847219,  0.86043810,
  0.91677624,  1.03304985,  1.07224264,
  0.69026177,  0.80339735,  0.84917709,
  0.77819232,  0.87510567,  0.90287921,
  0.91351999,  1.01417178,  1.07639751,
  0.80055244,  0.88837154,  0.94072482,
  0.69223201,  0.79400886,  0.83289218,
  0.77921455,  0.88041135,  0.90947698,
  0.72365682,  0.81494438,  0.84640871,
  0.74079242,  0.84032906,  0.87163016,
  0.74330552,  0.85220744,  0.88146287,
  0.77541199,  0.87245882,  0.90048775,
  0.74779560,  0.84114916,  0.86337555,
  0.86717420,  0.97629708,  1.01394565,
  0.78108911,  0.88725982,  0.91880448,
  0.76502819,  0.86286285,  0.89510921,
  0.68975759,  0.79372115,  0.82106601,
  0.83463360,  0.93000886,  0.97191474,
  0.79111031,  0.90526463,  0.94928013,
  0.83956374,  0.92952630,  0.99357890,
  0.97967175,  1.08545561,  1.15205505,
  0.78331656,  0.87684036,  0.91514211,
  0.76967202,  0.87444164,  0.90968043,
  0.67188092,  0.75988004,  0.78923225,
  0.80629358,  0.92130980,  0.95291352,
  0.73280507,  0.82471197,  0.85428673,
  0.82320105,  0.91258536,  0.96857813,
  0.98991766,  1.09898695,  1.16641662,
  0.79192836,  0.87842565,  0.93232251,
  0.82950600,  1.01495519,  1.08143403,
  0.79907085,  0.90418731,  0.93923559,
  0.72661549,  0.82607862,  0.86305453,
  0.80787848,  0.91223597,  0.94582039,
  0.76478577,  0.87927216,  0.90956229,
  0.74313365,  0.87433426,  0.93118772,
  0.78020788,  0.90785453,  0.95951314,
  0.77063789,  0.87084816,  0.90250532,
  0.79919343,  0.90624774,  0.93995047,
  0.78658733,  0.90313193,  0.93609839,
  0.79778023,  0.90374623,  0.93965664,
  0.83703867,  1.02357236,  1.09060129,
  0.75809054,  0.86391077,  0.90523372,
  0.75154831,  0.84468575,  0.87937419,
  0.85598160,  0.98375337,  1.01761312,
  0.74742363,  0.86171848,  0.90521425,
  0.72717376,  0.80616472,  0.85562792,
  0.66101971,  0.75655898,  0.79336892,
  0.84569200,  0.95318606,  0.98929749,
  0.76359627,  0.86138301,  0.89355849,
  0.71907473,  0.82268509,  0.85641760,
  0.80402062,  0.90422224,  0.93286685,
  0.76519045,  0.86464844,  0.89320479,
  0.64815879,  0.79543284,  0.84758990,
  0.73875979,  0.88993638,  0.95084327,
  0.77626529,  0.90082418,  0.94654555,
  0.78068499,  0.89792642,  0.92886755,
  0.71100252,  0.81412218,  0.84768405,
  0.66858993,  0.76903789,  0.80822750,
  0.83206468,  0.93725761,  0.97288950,
  0.75493394,  0.85626093,  0.89032005,
  0.76969527,  0.89267155,  0.93796801,
  0.70043333,  0.79554190,  0.82381602,
  0.90179122,  1.00115073,  1.06257754,
  0.86140767,  0.97103132,  1.00063155,
  0.84993254,  0.95794212,  0.98712359,
  0.63793517,  0.77485302,  0.82536554,
  0.69414322,  0.79448547,  0.82174892,
  0.78554401,  0.89315874,  0.92498830,
  0.87779712,  1.00340840,  1.04444146,
  0.65596004,  0.74320940,  0.77074804,
  0.75802053,  0.86810250,  0.90390324,
  0.70270794,  0.79310615,  0.82230141,
  0.66140679,  0.75464501,  0.79091405,
  0.61145774,  0.69214841,  0.71729101,
  0.80443691,  0.89063611,  0.95200684,
  0.77088220,  0.87343361,  0.90819144,
  0.73854662,  0.83360691,  0.86100736,
  0.71173737,  0.80756258,  0.83972900,
  0.85053769,  0.95970599,  0.99119598,
  0.77843535,  0.88747272,  0.93000279,
  0.74180841,  0.84580675,  0.87684145,
  0.78833624,  0.88917877,  0.91635052,
  0.76544596,  0.86253111,  0.89525360,
  0.79847817,  0.88405120,  0.94492862,
  0.73754640,  0.84476386,  0.88595509,
  0.88527579,  0.98257582,  1.04286294,
  0.88895183,  1.02136196,  1.07244328,
  0.74681527,  0.83982247,  0.86652893,
  0.86561653,  1.01108201,  1.07602496,
  0.86846294,  0.97671118,  1.00764073,
  0.74255745,  0.85878963,  0.90230165,
  0.64353433,  0.73686091,  0.76214924,
  0.81414101,  0.91828204,  0.95259654,
  0.82239419,  0.94995416,  0.99801465,
  0.71882933,  0.81374859,  0.84331009,
  0.60459209,  0.68090164,  0.70149612,
  0.72413651,  0.89069979,  0.94910847,
  0.70193877,  0.79583145,  0.82540599,
  0.84256576,  0.94989177,  0.98582842,
  0.70675958,  0.80819747,  0.84128571,
  0.78082043,  0.89208809,  0.93518451,
  0.74679199,  0.83985223,  0.86667707,
  0.71716718,  0.81368232,  0.84251635,
  1.00000000,  1.11018017,  1.17829661,
  0.92115326,  1.02166772,  1.08435338,
  0.75867570,  0.85672396,  0.88494280,
  0.91538302,  1.01405665,  1.07627532,
  0.78355769,  0.89597379,  0.93265008,
  0.80965070,  0.91057185,  0.93967826,
  0.72502824,  0.96543621,  1.02874582,
  0.77556258,  0.87374478,  0.90693323,
  0.78279315,  0.88027665,  0.90472443,
  0.87335530,  0.97291521,  1.01679787,
  0.73640424,  0.90580662,  0.96520595,
  0.66488119,  0.83530476,  0.89008085,
  0.75382016,  0.84771667,  0.87470972,
  0.86266385,  1.05022950,  1.11881935,
  0.71506732,  0.80436045,  0.82559467,
  0.75545386,  0.86272084,  0.90428314,
  0.84518085,  0.95088904,  0.98141865,
  0.81174955,  0.91724938,  0.95102410,
  0.80685985,  0.90785065,  0.94084738,
  0.78924684,  0.89023354,  0.92349646,
  0.73387592,  0.82680238,  0.85190870,
  0.80578043,  0.94232365,  1.00304432,
  0.81298109,  0.91611451,  0.94399580,
  0.84205629,  0.94846875,  0.97719935,
  0.77501148,  0.86731855,  0.90523840,
  0.84442344,  1.01625686,  1.08568860,
  0.69220431,  0.76847150,  0.81562199,
  0.87182662,  0.99602534,  1.04413173,
  0.68882621,  0.80301691,  0.84918527,
  0.77716633,  0.86279465,  0.91573245,
  0.72392858,  0.80369115,  0.85300259,
  0.80029168,  0.90132695,  0.93614003,
  0.95347767,  1.05566726,  1.12016443,
  0.65640908,  0.73815153,  0.76151411,
  0.83059668,  0.93580501,  0.96423271,
  0.77443963,  0.87671401,  0.91080321,
  0.73883122,  0.83083903,  0.85395130,
  0.64230106,  0.72237972,  0.74221979,
  0.82720864,  0.95136525,  0.98412158,
  0.71660561,  0.80800027,  0.83854410,
  0.93066273,  1.06024177,  1.10966334,
  0.78373391,  0.87008585,  0.92347101,
  0.85557613,  0.95821995,  1.00000000,
  0.80332023,  0.90602999,  0.94323485,
  0.85407279,  0.96122648,  0.99208776,
  0.89525717,  1.01670469,  1.05770838,
  0.79447248,  0.92738696,  0.98103576,
  0.85288222,  0.96322047,  0.99496260,
  0.71256850,  0.80176291,  0.83090778,
  0.83278081,  0.95129657,  0.99720657,
  0.73057552,  0.87372006,  0.93265248,
  0.84556618,  0.95389088,  0.98515302,
  0.75184037,  0.85795439,  0.89920857,
  0.76114420,  0.85658053,  0.88729584,
  0.81581474,  0.91804611,  0.95095992,
  0.83546933,  0.95405157,  1.00000000,
  0.83280541,  0.95713699,  1.00580414,
  0.79345009,  0.89647914,  0.92948824,
  0.85455167,  0.97100361,  1.01128558,
  0.74416313,  0.85671211,  0.88621867,
  0.75467543,  0.86531881,  0.89502493,
  0.73520743,  0.82959362,  0.86055459,
  0.79355030,  0.89682660,  0.93356061,
  0.84110493,  0.94605416,  0.97109449,
  0.76515188,  0.84719721,  0.90539606,
  0.80270407,  0.90297570,  0.92678552,
  1.00000000,  1.33158429,  1.41890448,
  0.90573776,  1.01853233,  1.04680320,
  0.85305055,  0.99273042,  1.04925534,
  0.76992642,  0.86815051,  0.90096181,
  0.73995388,  0.85468633,  0.89792450,
  0.78132639,  0.87862554,  0.90628789,
  0.76655895,  0.86321701,  0.89868253,
  0.85081326,  0.94455601,  1.00251038,
  0.80034491,  0.89675352,  0.93589196,
  0.68638974,  0.77375126,  0.80303952,
  0.76777552,  0.91501793,  0.97600224,
  0.81934333,  0.92762035,  0.96370822,
  0.82157309,  0.93078553,  0.96526394,
  0.81948505,  0.92202189,  0.95550917,
  0.78810857,  0.88947757,  0.92222024,
  0.73566478,  0.83442847,  0.86762260,
  0.70086831,  0.78876215,  0.81408912,
  0.83174431,  0.92087602,  0.98430997,
  0.76353607,  0.87073423,  0.90269321,
  0.67423290,  0.76578382,  0.79300032,
  0.77463896,  0.86457126,  0.90272230,
  0.80338083,  0.90750846,  0.94092197,
  0.67409454,  0.76325199,  0.79098331,
  0.79512333,  0.88101056,  0.93506602,
  0.84604642,  1.03066408,  1.09800575,
  0.79060606,  0.90782971,  0.95315641,
  0.78431083,  0.89530015,  0.92821568,
  0.80222898,  0.90502483,  0.93882336,
  0.73790790,  0.82983253,  0.85627743,
  0.89130310,  0.98872070,  1.04723490,
  0.73919603,  0.83737143,  0.87130294,
  0.87813450,  0.98814576,  1.01988327,
  0.85030396,  0.96152802,  0.99863094,
  0.78666607,  0.90520685,  0.93639298,
  0.81881971,  0.92099663,  0.94536712,
  0.71047027,  0.80036647,  0.83077765,
  0.71349095,  0.92323546,  0.98377770,
  0.82175163,  1.00083898,  1.06622174,
  0.81562456,  0.92652205,  0.96491323,
  0.84422758,  0.95496912,  0.99190211,
  0.86595361,  0.97750486,  1.01348944,
  0.89041983,  1.00879936,  1.04891968,
  0.83604654,  0.94670167,  0.98110055,
  0.69363661,  0.88362749,  0.94157239,
  0.91744291,  1.03231779,  1.06931989,
  0.82436509,  0.92784765,  0.96358511,
  0.84161081,  0.95325987,  0.99109219,
  1.00000000,  1.15139188,  1.19104923,
  0.75261224,  0.84669345,  0.87738158,
  0.91962049,  1.04207609,  1.08358347,
  0.96102762,  1.06691380,  1.13237558,
  0.69059252,  0.78104667,  0.81121763,
  0.80789115,  0.95641043,  1.01455284,
  0.89914619,  1.02358904,  1.06468123,
  0.70759713,  0.92538710,  0.98607044,
  0.91815437,  1.01845426,  1.07876453,
  0.72848778,  0.82402515,  0.85772577,
  0.79592964,  0.89862563,  0.93548975,
  0.85250717,  0.96463530,  0.99966526,
  0.65530122,  0.84551203,  0.90095747,
  0.83379651,  0.94109850,  0.97202889,
  0.82345920,  0.93160476,  0.96543053,
  0.75143746,  0.83491611,  0.87296842,
  0.90009631,  1.05523315,  1.12351695,
  0.75686482,  0.85175327,  0.88229443,
  0.97310838,  1.07797698,  1.14411755,
  0.90129284,  1.20014739,  1.27884846,
  0.76650718,  0.86339372,  0.88955433,
  0.86865556,  0.98183240,  1.01761492,
  0.86804454,  0.97654853,  1.01193822,
  0.60336329,  0.67875419,  0.69663554,
  0.75272767,  0.84952977,  0.88439243,
  0.90606016,  1.01397839,  1.05830991,
  0.88359688,  1.01908000,  1.07054115,
  0.77570871,  0.88380011,  0.91609531,
  0.82226022,  0.93313786,  0.96622646,
